{
  "solar": {
    "tickers": [
      "FSLR",
      "SOL",
      "ENPH",
      "SEDG"
    ],
    "ret_corr_matrix": {},
    "mean": NaN,
    "std": NaN,
    "min": NaN,
    "max": NaN
  },
  "quantum": {
    "tickers": [
      "QBTS",
      "IONQ",
      "SKYT",
      "RGTI",
      "QUBT"
    ],
    "ret_corr_matrix": {
      "IVRET_QBTS": {
        "IVRET_QBTS": 0.9999999999999999,
        "IVRET_IONQ": -0.006402666725947683,
        "IVRET_RGTI": 0.00026345812340454927,
        "IVRET_QUBT": -0.001592398540315046
      },
      "IVRET_IONQ": {
        "IVRET_QBTS": -0.006402666725947683,
        "IVRET_IONQ": 0.9999999999999998,
        "IVRET_RGTI": -0.0373891024286705,
        "IVRET_QUBT": -0.048354006043269206
      },
      "IVRET_RGTI": {
        "IVRET_QBTS": 0.00026345812340454927,
        "IVRET_IONQ": -0.0373891024286705,
        "IVRET_RGTI": 1.0,
        "IVRET_QUBT": -0.00956882124686332
      },
      "IVRET_QUBT": {
        "IVRET_QBTS": -0.0015923985403150463,
        "IVRET_IONQ": -0.04835400604326921,
        "IVRET_RGTI": -0.00956882124686332,
        "IVRET_QUBT": 0.9999999999999999
      }
    },
    "mean": -0.017173922810276868,
    "std": 0.01871521109172076,
    "min": -0.04835400604326921,
    "max": 0.00026345812340454927
  },
  "satellite": {
    "tickers": [
      "ASTS",
      "GSAT",
      "SATS"
    ],
    "ret_corr_matrix": {
      "IVRET_ASTS": {
        "IVRET_ASTS": 1.0,
        "IVRET_SATS": 0.009659898196142845
      },
      "IVRET_SATS": {
        "IVRET_ASTS": 0.009659898196142845,
        "IVRET_SATS": 0.9999999999999999
      }
    },
    "mean": 0.009659898196142845,
    "std": 0.0,
    "min": 0.009659898196142845,
    "max": 0.009659898196142845
  },
  "crypto_miners": {
    "tickers": [
      "MARA",
      "RIOT",
      "CIFR",
      "IREN",
      "WULF"
    ],
    "ret_corr_matrix": {},
    "mean": NaN,
    "std": NaN,
    "min": NaN,
    "max": NaN
  },
  "airlines": {
    "tickers": [
      "AAL",
      "CPA",
      "DAL",
      "JBLU",
      "JETS"
    ],
    "ret_corr_matrix": {},
    "mean": NaN,
    "std": NaN,
    "min": NaN,
    "max": NaN
  }
}