{
  "RMSE": 0.32632237646662293,
  "R2": -0.09891770045065496,
  "features": [
    "IONQ_iv",
    "IONQ_iv_lag1",
    "IONQ_iv_lag5"
  ],
  "n_train": 3015,
  "n_test": 754
}