{
  "RMSE": 0.44193328295409867,
  "R2": -0.10998407906489671,
  "features": [
    "IONQ_iv",
    "IONQ_iv_lag1",
    "IONQ_iv_lag5"
  ],
  "n_train": 1281,
  "n_test": 321
}