{
  "RMSE": 0.40829320044441864,
  "R2": -0.18329809005599573,
  "features": [
    "IONQ_iv",
    "IONQ_iv_lag1",
    "IONQ_iv_lag5"
  ],
  "n_train": 1593,
  "n_test": 399
}