{
  "RMSE": 0.4261814317930525,
  "R2": -0.15244293000803477,
  "features": [
    "QBTS_iv",
    "QBTS_iv_lag1",
    "QBTS_iv_lag5"
  ],
  "n_train": 978,
  "n_test": 245
}