{
  "RMSE": 0.17467253401006816,
  "R2": -0.22065527002855823,
  "features": [
    "QBTS_iv",
    "QBTS_iv_lag1",
    "QBTS_iv_lag5"
  ],
  "n_train": 1044,
  "n_test": 261
}