{
  "RMSE": 0.4684222219998086,
  "R2": -0.056854210228613145,
  "features": [
    "QUBT_iv",
    "QUBT_iv_lag1",
    "QUBT_iv_lag5"
  ],
  "n_train": 5509,
  "n_test": 1378
}