{
  "RMSE": 0.18932064603302648,
  "R2": -0.17885545882028775,
  "features": [
    "QUBT_iv",
    "QUBT_iv_lag1",
    "QUBT_iv_lag5"
  ],
  "n_train": 1514,
  "n_test": 379
}