{
  "RMSE": 0.39030642428767715,
  "R2": -0.27160311267718007,
  "features": [
    "QUBT_iv",
    "QUBT_iv_lag1",
    "QUBT_iv_lag5"
  ],
  "n_train": 1071,
  "n_test": 268
}