{
  "RMSE": 0.42352680197251613,
  "R2": -0.09107812312866392,
  "features": [
    "RGTI_iv",
    "RGTI_iv_lag1",
    "RGTI_iv_lag5"
  ],
  "n_train": 5406,
  "n_test": 1352
}