{
  "RMSE": 0.187440286641523,
  "R2": -0.03962131504957611,
  "features": [
    "RGTI_iv",
    "RGTI_iv_lag1",
    "RGTI_iv_lag5"
  ],
  "n_train": 6954,
  "n_test": 1739
}