{
  "RMSE": 0.4842955350336234,
  "R2": -0.002154699179561792,
  "features": [
    "RGTI_iv",
    "RGTI_iv_lag1",
    "RGTI_iv_lag5"
  ],
  "n_train": 15009,
  "n_test": 3753
}