{
  "perm_rank_spearman": {
    "pairs": [
      "group1",
      "group2"
    ],
    "rho": 0.3045563549160671,
    "p": 0.09011019066577243
  },
  "shap_spearman": {
    "pairs": [
      "group1",
      "group2"
    ],
    "rho": 0.6687466603555732,
    "p": 2.866050427863691e-05
  }
}