{
  "satellite_vs_telecom": {
    "group1": "satellite",
    "group2": "telecom",
    "group1_tickers": [
      "ASTS",
      "SATS"
    ],
    "group2_tickers": [
      "VZ",
      "T"
    ],
    "iv_cross_correlations": {
      "values": [
        -0.03763324621154571,
        0.021648225194132946,
        -0.02166853086356382,
        -0.0794833650592218
      ],
      "mean": -0.029284229235049593,
      "std": 0.03620004522729812,
      "min": -0.0794833650592218,
      "max": 0.021648225194132946
    },
    "iv_return_cross_correlations": {
      "values": [
        -0.014940483156288823,
        0.0008336225254389257,
        -0.021866982858768966,
        -0.024752399526482123
      ],
      "mean": -0.015181560754025247,
      "std": 0.00991009633416748,
      "min": -0.024752399526482123,
      "max": 0.0008336225254389257
    }
  },
  "satellite_vs_quantum": {
    "group1": "satellite",
    "group2": "quantum",
    "group1_tickers": [
      "ASTS",
      "SATS"
    ],
    "group2_tickers": [
      "QUBT",
      "QBTS"
    ],
    "iv_cross_correlations": {
      "values": [
        0.010391501734914097,
        0.028214490026116867,
        -0.17291453029387208,
        -0.06265848875734316
      ],
      "mean": -0.04924175682254607,
      "std": 0.07910524523690263,
      "min": -0.17291453029387208,
      "max": 0.028214490026116867
    },
    "iv_return_cross_correlations": {
      "values": [
        0.0008782585085134773,
        0.004294839412938649,
        -0.025526073921841922,
        -0.008809213023498458
      ],
      "mean": -0.007290547255972063,
      "std": 0.011573583610761766,
      "min": -0.025526073921841922,
      "max": 0.004294839412938649
    }
  },
  "telecom_vs_quantum": {
    "group1": "telecom",
    "group2": "quantum",
    "group1_tickers": [
      "VZ",
      "T"
    ],
    "group2_tickers": [
      "QUBT",
      "QBTS"
    ],
    "iv_cross_correlations": {
      "values": [
        -0.02633060801210707,
        0.0016091726369392725,
        0.03364308119197903,
        -0.05092463853822316
      ],
      "mean": -0.010500748180352983,
      "std": 0.03154363338224031,
      "min": -0.05092463853822316,
      "max": 0.03364308119197903
    },
    "iv_return_cross_correlations": {
      "values": [
        0.0039021128036517082,
        0.005827781494158974,
        0.016031993103968443,
        -0.00827399792332321
      ],
      "mean": 0.004371972369613978,
      "std": 0.008634477349473165,
      "min": -0.00827399792332321,
      "max": 0.016031993103968443
    }
  }
}