{
  "tickers": [
    "QUBT",
    "QBTS"
  ],
  "n_tickers": 2,
  "iv_correlations": {
    "matrix": {
      "QUBT": {
        "QUBT": 1.0,
        "QBTS": 0.022113794671321352
      },
      "QBTS": {
        "QUBT": 0.022113794671321352,
        "QBTS": 1.0
      }
    },
    "mean": 0.022113794671321352,
    "std": 0.0,
    "min": 0.022113794671321352,
    "max": 0.022113794671321352
  },
  "iv_return_correlations": {
    "matrix": {
      "QUBT": {
        "QUBT": 1.0,
        "QBTS": 0.002751817088100947
      },
      "QBTS": {
        "QUBT": 0.002751817088100947,
        "QBTS": 1.0
      }
    },
    "mean": 0.002751817088100947,
    "std": 0.0,
    "min": 0.002751817088100947,
    "max": 0.002751817088100947
  }
}