{
  "satellite_vs_telecom": {
    "group1": "satellite",
    "group2": "telecom",
    "group1_tickers": [
      "ASTS",
      "SATS"
    ],
    "group2_tickers": [
      "VZ",
      "T"
    ],
    "iv_cross_correlations": {
      "values": [
        -0.03763324621154571,
        0.021648225194132946,
        -0.02166853086356382,
        -0.0794833650592218
      ],
      "mean": -0.029284229235049593,
      "std": 0.03620004522729812,
      "min": -0.0794833650592218,
      "max": 0.021648225194132946
    },
    "iv_return_cross_correlations": {
      "values": [
        -0.014940483156288823,
        0.0008336225254389257,
        -0.021866982858768966,
        -0.024752399526482123
      ],
      "mean": -0.015181560754025247,
      "std": 0.00991009633416748,
      "min": -0.024752399526482123,
      "max": 0.0008336225254389257
    }
  },
  "satellite_vs_quantum": {
    "group1": "satellite",
    "group2": "quantum",
    "group1_tickers": [
      "ASTS",
      "SATS"
    ],
    "group2_tickers": [
      "QUBT",
      "QBTS",
      "RGTI",
      "IONQ"
    ],
    "iv_cross_correlations": {
      "values": [
        0.010391501734913697,
        0.02821449002611617,
        0.04464259292573592,
        0.03920235309797679,
        -0.17291453029387208,
        -0.06265848875734316,
        -0.270030300870494,
        -0.10190544603713496
      ],
      "mean": -0.06063222852176271,
      "std": 0.10732561063389724,
      "min": -0.270030300870494,
      "max": 0.04464259292573592
    },
    "iv_return_cross_correlations": {
      "values": [
        0.0008782585085134779,
        0.004294839412938669,
        -0.005917385593167146,
        0.004401733748902824,
        -0.025526073921841922,
        -0.008809213023498458,
        0.008710333223732766,
        -0.009327522477284264
      ],
      "mean": -0.003911878765213006,
      "std": 0.010266697353852305,
      "min": -0.025526073921841922,
      "max": 0.008710333223732766
    }
  },
  "telecom_vs_quantum": {
    "group1": "telecom",
    "group2": "quantum",
    "group1_tickers": [
      "VZ",
      "T"
    ],
    "group2_tickers": [
      "QUBT",
      "QBTS",
      "RGTI",
      "IONQ"
    ],
    "iv_cross_correlations": {
      "values": [
        -0.026330608012107043,
        0.0016091726369391183,
        -0.03412189428520471,
        0.01320964705667804,
        0.03364308119197903,
        -0.05092463853822316,
        0.049214919371880564,
        -0.014427040053105971
      ],
      "mean": -0.0035159200788955165,
      "std": 0.03219320336584913,
      "min": -0.05092463853822316,
      "max": 0.049214919371880564
    },
    "iv_return_cross_correlations": {
      "values": [
        0.0039021128036517113,
        0.00582778149415897,
        0.005658494357021303,
        0.0031405939602700043,
        0.016031993103968443,
        -0.00827399792332321,
        0.02598712845400801,
        -0.014666764111376934
      ],
      "mean": 0.004700917767297287,
      "std": 0.011885974122644596,
      "min": -0.014666764111376934,
      "max": 0.02598712845400801
    }
  }
}