{
  "tickers": [
    "ASTS",
    "SATS"
  ],
  "n_tickers": 2,
  "iv_correlations": {
    "matrix": {
      "ASTS": {
        "ASTS": 1.0,
        "SATS": -0.053202984040535875
      },
      "SATS": {
        "ASTS": -0.053202984040535875,
        "SATS": 1.0
      }
    },
    "mean": -0.053202984040535875,
    "std": 0.0,
    "min": -0.053202984040535875,
    "max": -0.053202984040535875
  },
  "iv_return_correlations": {
    "matrix": {
      "ASTS": {
        "ASTS": 1.0,
        "SATS": 0.009659898196142842
      },
      "SATS": {
        "ASTS": 0.009659898196142842,
        "SATS": 1.0
      }
    },
    "mean": 0.009659898196142842,
    "std": 0.0,
    "min": 0.009659898196142842,
    "max": 0.009659898196142842
  }
}