{
  "tickers": [
    "VZ",
    "T"
  ],
  "n_tickers": 2,
  "iv_correlations": {
    "matrix": {
      "VZ": {
        "VZ": 1.0,
        "T": 0.005237192994326191
      },
      "T": {
        "VZ": 0.005237192994326191,
        "T": 1.0
      }
    },
    "mean": 0.005237192994326191,
    "std": 0.0,
    "min": 0.005237192994326191,
    "max": 0.005237192994326191
  },
  "iv_return_correlations": {
    "matrix": {
      "VZ": {
        "VZ": 1.0,
        "T": 0.00916997314212578
      },
      "T": {
        "VZ": 0.00916997314212578,
        "T": 1.0
      }
    },
    "mean": 0.00916997314212578,
    "std": 0.0,
    "min": 0.00916997314212578,
    "max": 0.00916997314212578
  }
}