component,explained_var_ratio
PC1,0.25246401526517187
PC2,0.2502667666960821
PC3,0.24969350485589434
