component,explained_var_ratio
PC1,0.2537904060542977
PC2,0.2507537004320287
PC3,0.24811315994363278
