feature,gain,weight,cover,total_gain,total_cover
panel_IV_IONQ,11.413469314575195,5013.0,33416.19140625,57215.72265625,167515360.0
panel_IV_QBTS,9.797001838684082,4912.0,28913.51171875,48122.875,142023168.0
panel_IV_RGTI,9.393735885620117,4624.0,28101.59375,43436.6328125,129941768.0
panel_IV_QUBT,6.551479816436768,5345.0,25348.765625,35017.66015625,135489152.0
