feature,avg_contrib
panel_IV_IONQ,0.0023928703740239143
panel_IV_RGTI,0.0006155545124784112
panel_IV_QUBT,-0.0017549908952787519
panel_IV_QBTS,-0.004130688030272722
