feature,avg_contrib
panel_IV_QUBT,0.004872114863246679
sym_RGTI,0.0023927828297019005
panel_IV_RGTI,0.0018972355173900723
panel_IVRET_QUBT,0.0017782992217689753
panel_IV_QBTS,0.00162219547200948
panel_IVRET_MARA,0.0012993901036679745
panel_IVRET_QBTS,0.0010026796953752637
panel_IVRET_RGTI,0.0003315596841275692
sym_QBTS,0.0
panel_IV_MARA,-0.00033268629340454936
sym_QUBT,-0.0008628954528830945
sym_MARA,-0.0017255309503525496
