feature,perm_importance_mean,perm_importance_std
panel_IVRET_ASTS,0.0017624495757202375,0.0011871288672024494
panel_IV_SATS,0.000312363569039481,0.0005985483734253771
panel_IVRET_SATS,9.67128181987742e-05,0.0009571861902036214
sym_ASTS,0.0,0.0
sym_T,0.0,0.0
sym_VZ,0.0,0.0
sym_SATS,0.0,0.0
panel_IV_ASTS,-0.0022767142399682137,0.0014522712330531707
