feature,perm_importance_mean,perm_importance_std
panel_IV_QUBT,0.010964188080432003,0.014606898602435336
panel_IV_QBTS,-0.003944801794056763,0.009231630139055643
panel_IV_RGTI,-0.008172014812880945,0.009081308392689029
panel_IV_MARA,-0.014767284153156668,0.007601971267324443
