feature,avg_contrib
sym_IONQ,0.010346000082790852
panel_IV_QUBT,0.008155402727425098
panel_IV_IONQ,0.004116292577236891
panel_IVRET_QUBT,0.002933542476966977
panel_IVRET_IONQ,0.002739792922511697
panel_IV_RGTI,0.0025402726605534554
sym_RGTI,0.0022895613219588995
panel_IV_QBTS,0.0019235224463045597
panel_IVRET_RGTI,0.0017435316694900393
panel_IVRET_QBTS,0.0006979647441767156
sym_QBTS,-0.0012213477166369557
sym_QUBT,-0.0017790651181712747
