feature,gain,weight,cover,total_gain,total_cover
panel_IV_SATS,0.1112493947148323,2007.0,68.88092041015625,223.2775421142578,138244.0
panel_IV_ASTS,0.1103099137544632,1937.0,71.63190460205078,213.67030334472656,138751.0
