feature,perm_importance_mean,perm_importance_std
panel_IV_QBTS,0.03879845907607735,0.02440977380996332
panel_IV_QUBT,0.031767443280566486,0.008390517445321979
panel_IV_IONQ,0.015535472253965787,0.007633953929407947
panel_IV_RGTI,0.011634641105923804,0.008336964061259916
