feature,avg_contrib
panel_IV_QBTS,0.01229408010840416
panel_IV_IONQ,0.007051915396004915
panel_IV_RGTI,0.0029575477819889784
panel_IVRET_QUBT,0.0017880438826978207
panel_IVRET_IONQ,0.0010564177064225078
sym_RGTI,0.00048052778583951294
panel_IVRET_QBTS,0.00039085480966605246
panel_IVRET_RGTI,-0.0002882556291297078
sym_QUBT,-0.0010795941343531013
sym_QBTS,-0.001131878001615405
sym_IONQ,-0.0026215624529868364
panel_IV_QUBT,-0.002995040500536561
