feature,perm_importance_mean,perm_importance_std
panel_IV_QUBT,0.006732016748617164,0.01364246277470558
panel_IV_QBTS,-0.002460784658463133,0.0056498762188008115
panel_IV_IONQ,-0.004052023190396792,0.007935868177817136
panel_IV_RGTI,-0.009111811767154254,0.00798844485984808
