feature,gain,weight,cover,total_gain,total_cover
panel_IV_QBTS,0.3430120348930359,552.0,196.90399169921875,189.34263610839844,108691.0
panel_IV_MARA,0.2478703260421753,1136.0,139.55369567871094,281.5806884765625,158533.0
panel_IV_RGTI,0.20355042815208435,1901.0,116.06470489501953,386.9493713378906,220639.0
panel_IV_QUBT,0.16347792744636536,2599.0,81.93574523925781,424.8791198730469,212951.0
