feature,gain,weight,cover,total_gain,total_cover
panel_IV_QUBT,0.2918587625026703,781.0,175.31370544433594,227.9416961669922,136920.0
panel_IV_RGTI,0.2094419002532959,688.0,146.79942321777344,144.0960235595703,100998.0
panel_IV_IONQ,0.2079187035560608,1576.0,120.53236389160156,327.67987060546875,189959.0
panel_IV_QBTS,0.18369539082050323,2480.0,86.99878692626953,455.5645751953125,215757.0
