feature,perm_importance_mean,perm_importance_std
panel_IV_IONQ,0.01762277336362401,0.0008388603992134493
panel_IV_QUBT,0.011380672954794035,0.0008110374126477613
panel_IV_RGTI,0.011089167456928561,0.0013447503085448672
panel_IV_QBTS,0.009119404537143416,0.0012376214587932538
