feature,avg_contrib
panel_IV_IONQ,0.014136277139186859
panel_IV_QUBT,0.009333839640021324
panel_IV_RGTI,-0.008722134865820408
panel_IV_QBTS,-0.030124768614768982
