feature,perm_importance_mean,perm_importance_std
panel_IV_RGTI,0.0042179771468724425,0.003929198070090434
panel_IV_IONQ,-0.0005489410403882955,0.0056626376639550445
panel_IV_QUBT,-0.0033130802659872894,0.0109404780458629
panel_IV_MARA,-0.0036865020724504926,0.008497707793770919
panel_IV_QBTS,-0.003973087755268656,0.0066676746575254605
