feature,perm_importance_mean,perm_importance_std
panel_IV_ASTS,0.02617530034225566,0.03648803172043419
panel_IV_SATS,0.002282707112769522,0.010885175705310801
