feature,avg_contrib
panel_IV_QUBT,0.004750138148665428
panel_IVRET_QBTS,0.002151659457013011
panel_IVRET_IONQ,0.001982462825253606
panel_IV_RGTI,0.0018177549354732037
panel_IVRET_RGTI,0.001225546933710575
panel_IVRET_QUBT,-0.00037470145616680384
sym_RGTI,-0.0017758901230990887
sym_IONQ,-0.0019173991167917848
sym_QBTS,-0.002186406869441271
panel_IV_IONQ,-0.002330540679395199
panel_IV_QBTS,-0.003182515501976013
sym_QUBT,-0.00706647289916873
