feature,avg_contrib
panel_IV_IONQ,0.009933257475495338
panel_IV_RGTI,0.0009068307699635625
panel_IV_QBTS,-0.0033231195993721485
panel_IV_MARA,-0.011447715573012829
panel_IV_QUBT,-0.01343133021146059
