feature,avg_contrib
panel_IV_QUBT,0.007320045493543148
panel_IV_QBTS,0.005923583172261715
panel_IV_RGTI,0.000771129154600203
panel_IV_MARA,-0.013555774465203285
