feature,gain,weight,cover,total_gain,total_cover
panel_IV_QBTS,0.2791968882083893,476.0,225.66175842285156,132.89772033691406,107415.0
panel_IV_IONQ,0.2663140296936035,688.0,230.58285522460938,183.22406005859375,158641.0
panel_IV_MARA,0.23059210181236267,882.0,169.12017822265625,203.38223266601562,149164.0
panel_IV_RGTI,0.2234364151954651,1386.0,143.57504272460938,309.682861328125,198995.0
panel_IV_QUBT,0.20541901886463165,2448.0,104.67892456054688,502.8657531738281,256254.0
