feature,gain,weight,cover,total_gain,total_cover
sym_SATS,0.0035241986624896526,14.0,83.5,0.04933878034353256,1169.0
panel_IVRET_SATS,0.0030170257668942213,330.0,109.31515502929688,0.9956185221672058,36074.0
sym_ASTS,0.0023780185729265213,162.0,92.56790161132812,0.38523900508880615,14996.0
panel_IVRET_ASTS,0.0021672381553798914,509.0,104.18663787841797,1.1031242609024048,53031.0
panel_IV_SATS,0.001971376361325383,882.0,83.12358093261719,1.7387539148330688,73315.0
panel_IV_ASTS,0.0013098351191729307,1593.0,58.49591827392578,2.0865674018859863,93184.0
