feature,avg_contrib
panel_IV_SATS,0.0021788831800222397
panel_IVRET_ASTS,0.00200614333152771
sym_T,0.0
sym_VZ,0.0
sym_SATS,-0.000507331220433116
panel_IVRET_SATS,-0.0010646991431713104
panel_IV_ASTS,-0.005848016124218702
sym_ASTS,-0.011256199330091476
