feature,avg_contrib
panel_IV_ASTS,-0.009354392997920513
panel_IV_SATS,-0.015079042874276638
