feature,gain,weight,cover,total_gain,total_cover
panel_IV_IONQ,0.26381322741508484,807.0,178.8822784423828,212.8972625732422,144358.0
panel_IV_QBTS,0.23874974250793457,582.0,162.45016479492188,138.9523468017578,94546.0
panel_IV_RGTI,0.20503033697605133,1375.0,124.43272399902344,281.9167175292969,171095.0
panel_IV_QUBT,0.17020441591739655,2194.0,92.01731872558594,373.4284973144531,201886.0
