feature,avg_contrib
panel_IV_IONQ,0.03721621260046959
panel_IV_QBTS,0.008913622237741947
panel_IV_QUBT,-0.009978705085814
panel_IV_RGTI,-0.015010603703558445
