,QBTS,IONQ,RGTI,QUBT
QBTS,1.0,-0.17181583664497385,0.09872350919034674,0.5772687936133649
IONQ,-0.17181583664497385,1.0,0.49905653864283556,-0.060412776062981
RGTI,0.09872350919034674,0.49905653864283556,1.0,0.3812814928234967
QUBT,0.5772687936133649,-0.060412776062981,0.3812814928234967,1.0
