,QBTS,IONQ,RGTI,QUBT
QBTS,1.0,0.0431602111101335,0.04090679688652608,0.014308545117318031
IONQ,0.0431602111101335,1.0,0.0781436511154841,0.043340031006236124
RGTI,0.040906796886526084,0.07814365111548412,1.0,0.005115222317150105
QUBT,0.014308545117318031,0.043340031006236124,0.005115222317150104,1.0
