,QBTS,IONQ,RGTI,QUBT
QBTS,1.0,0.01948895244317628,-0.035669758568117466,-0.015567765508611832
IONQ,0.019488952443176277,1.0,0.05197977933565139,0.017258698264154344
RGTI,-0.035669758568117466,0.05197977933565139,1.0,-0.019557638778727893
QUBT,-0.015567765508611834,0.017258698264154344,-0.019557638778727893,0.9999999999999998
