{
  "satellite_vs_telecom": {
    "group1": "satellite",
    "group2": "telecom",
    "mean": -0.01392717086548936,
    "std": 0.01383024889920852,
    "min": -0.02278542823241411,
    "max": 0.010006150692851561
  },
  "satellite_vs_quantum": {
    "group1": "satellite",
    "group2": "quantum",
    "mean": -0.006977694449324306,
    "std": 0.010400128478315517,
    "min": -0.02552607392184194,
    "max": 0.008705208619393955
  },
  "telecom_vs_quantum": {
    "group1": "telecom",
    "group2": "quantum",
    "mean": 0.004675284753260232,
    "std": 0.011866964379078655,
    "min": -0.014665117648622892,
    "max": 0.025926155013064358
  }
}