{
  "tickers": [
    "QUBT",
    "QBTS",
    "RGTI",
    "IONQ"
  ],
  "n_tickers": 4,
  "iv_correlations": {
    "matrix": {
      "QUBT": {
        "QUBT": 1.0,
        "QBTS": 0.02211379467132238,
        "RGTI": 0.035768937462036285,
        "IONQ": 0.013157333293785241
      },
      "QBTS": {
        "QUBT": 0.02211379467132238,
        "QBTS": 1.0,
        "RGTI": -0.004118596465178833,
        "IONQ": 0.038011826337325944
      },
      "RGTI": {
        "QUBT": 0.035768937462036285,
        "QBTS": -0.004118596465178833,
        "RGTI": 1.0,
        "IONQ": -0.07367669656485173
      },
      "IONQ": {
        "QUBT": 0.013157333293785241,
        "QBTS": 0.038011826337325944,
        "RGTI": -0.07367669656485173,
        "IONQ": 1.0
      }
    },
    "mean": 0.005209433122406547,
    "std": 0.03801061355209995,
    "min": -0.07367669656485173,
    "max": 0.038011826337325944
  },
  "iv_return_correlations": {
    "matrix": {
      "QUBT": {
        "QUBT": 1.0,
        "QBTS": 0.0027518170881009564,
        "RGTI": 0.00269578834264908,
        "IONQ": -0.0027038455169487554
      },
      "QBTS": {
        "QUBT": 0.0027518170881009564,
        "QBTS": 1.0,
        "RGTI": 0.002906639285617582,
        "IONQ": 0.0021252540587316155
      },
      "RGTI": {
        "QUBT": 0.00269578834264908,
        "QBTS": 0.002906639285617582,
        "RGTI": 1.0,
        "IONQ": -0.04579064348883627
      },
      "IONQ": {
        "QUBT": -0.0027038455169487554,
        "QBTS": 0.0021252540587316155,
        "RGTI": -0.04579064348883627,
        "IONQ": 1.0
      }
    },
    "mean": -0.006335831705114298,
    "std": 0.01775313240038508,
    "min": -0.04579064348883627,
    "max": 0.002906639285617582
  }
}