{
  "columns": [
    "expiry_date",
    "iv",
    "opt_volume",
    "stock_volume",
    "time_to_expiry",
    "strike_price",
    "option_type",
    "iv_ret_fwd",
    "iv_ret_fwd_abs",
    "delta",
    "gamma",
    "vega",
    "option_type_enc",
    "rv_30m",
    "opt_vol_change_1m",
    "opt_vol_roll_15m",
    "sabr_alpha",
    "sabr_beta",
    "sabr_rho",
    "sabr_nu"
  ],
  "means": {
    "expiry_date": 1.7608424488946685e+18,
    "iv": 1.2849394500806206,
    "opt_volume": 6.736020806241872,
    "stock_volume": 7206.9196358907675,
    "time_to_expiry": 0.20517524785593974,
    "strike_price": 18.117815344603382,
    "option_type": NaN,
    "iv_ret_fwd": 0.0004991721860293387,
    "iv_ret_fwd_abs": 0.2921506331253954,
    "delta": 0.3222729269295419,
    "gamma": 0.07246323199599415,
    "vega": 2.0937000497312015,
    "option_type_enc": 0.758907675743103,
    "rv_30m": 0.060760512668892264,
    "opt_vol_change_1m": 3.0130887686393035,
    "opt_vol_roll_15m": 6.710391644908617,
    "sabr_alpha": 0.9354178501014346,
    "sabr_beta": 0.5,
    "sabr_rho": 0.05634730702767449,
    "sabr_nu": 22.460159494850387
  },
  "stds": {
    "expiry_date": 1.139387717296139e+16,
    "iv": 0.40254707159584263,
    "opt_volume": 18.24920750861788,
    "stock_volume": 8657.562047732914,
    "time_to_expiry": 0.3612904729046923,
    "strike_price": 4.2477921561801715,
    "option_type": 1.0,
    "iv_ret_fwd": 0.7967602888850147,
    "iv_ret_fwd_abs": 0.7412509769261749,
    "delta": 0.403065462601079,
    "gamma": 0.036496198766390424,
    "vega": 1.679253920375311,
    "option_type_enc": 0.42780184745788574,
    "rv_30m": 0.08810786832996337,
    "opt_vol_change_1m": 14.773786780674792,
    "opt_vol_roll_15m": 4.903398960869404,
    "sabr_alpha": 1.0930436512387136,
    "sabr_beta": 1.0,
    "sabr_rho": 0.5044769107606287,
    "sabr_nu": 4.649420300857572
  }
}