{
  "columns": [
    "expiry_date",
    "iv",
    "opt_volume",
    "stock_volume",
    "time_to_expiry",
    "strike_price",
    "option_type",
    "iv_ret_fwd",
    "iv_ret_fwd_abs",
    "delta",
    "gamma",
    "vega",
    "option_type_enc",
    "rv_30m",
    "opt_vol_change_1m",
    "opt_vol_roll_15m",
    "sabr_alpha",
    "sabr_beta",
    "sabr_rho",
    "sabr_nu"
  ],
  "means": {
    "expiry_date": 1.7608440699271593e+18,
    "iv": 1.2847954555922367,
    "opt_volume": 6.736732570239334,
    "stock_volume": 7204.920395421436,
    "time_to_expiry": 0.20522618815699653,
    "strike_price": 18.118106139438087,
    "option_type": NaN,
    "iv_ret_fwd": 0.0006199122679869341,
    "iv_ret_fwd_abs": 0.2921060246265053,
    "delta": 0.32221213850367847,
    "gamma": 0.07244839644145475,
    "vega": 2.094074207729772,
    "option_type_enc": 0.7588449716567993,
    "rv_30m": 0.060762108653592176,
    "opt_vol_change_1m": 3.011206117434475,
    "opt_vol_roll_15m": 6.710716462087578,
    "sabr_alpha": 0.9351384355500151,
    "sabr_beta": 0.5,
    "sabr_rho": 0.05637333492263151,
    "sabr_nu": 22.461596986328274
  },
  "stds": {
    "expiry_date": 1.1394916047642204e+16,
    "iv": 0.4025003929715309,
    "opt_volume": 18.25152832144359,
    "stock_volume": 8657.800653907443,
    "time_to_expiry": 0.36132366602752997,
    "strike_price": 4.2483065096606145,
    "option_type": 1.0,
    "iv_ret_fwd": 0.7968287650242087,
    "iv_ret_fwd_abs": 0.7413422506440622,
    "delta": 0.4031002728845427,
    "gamma": 0.036489349693572135,
    "vega": 1.6793120869462383,
    "option_type_enc": 0.42783981561660767,
    "rv_30m": 0.08811936908010873,
    "opt_vol_change_1m": 14.77524753039876,
    "opt_vol_roll_15m": 4.9039981733884686,
    "sabr_alpha": 1.0928161048062013,
    "sabr_beta": 1.0,
    "sabr_rho": 0.5045399602842778,
    "sabr_nu": 4.64918198590716
  }
}