{
  "columns": [
    "expiry_date",
    "iv",
    "opt_volume",
    "stock_volume",
    "time_to_expiry",
    "strike_price",
    "option_type",
    "iv_ret_fwd",
    "iv_ret_fwd_abs",
    "delta",
    "gamma",
    "vega",
    "option_type_enc",
    "rv_30m",
    "opt_vol_change_1m",
    "opt_vol_roll_15m",
    "sabr_alpha",
    "sabr_beta",
    "sabr_rho",
    "sabr_nu"
  ],
  "means": {
    "expiry_date": 1.7600270300439974e+18,
    "iv": 1.0816120565176177,
    "opt_volume": 5.933060967944689,
    "stock_volume": 8500.154305468259,
    "time_to_expiry": 0.17927850616624905,
    "strike_price": 16.72847265870522,
    "option_type": NaN,
    "iv_ret_fwd": 0.00022726570570093648,
    "iv_ret_fwd_abs": 0.22267095451102806,
    "delta": 0.17671288149331799,
    "gamma": 0.10499861713951315,
    "vega": 1.765919717763819,
    "option_type_enc": 0.6385920643806458,
    "rv_30m": 0.06807966348812759,
    "opt_vol_change_1m": 2.5328987426478,
    "opt_vol_roll_15m": 5.944384801599832,
    "sabr_alpha": 2.594353176048685,
    "sabr_beta": 0.5,
    "sabr_rho": 0.07593057023250463,
    "sabr_nu": 9.1683481574661
  },
  "stds": {
    "expiry_date": 1.0791393584439162e+16,
    "iv": 0.17360310269060095,
    "opt_volume": 18.188443377281626,
    "stock_volume": 11470.034097033988,
    "time_to_expiry": 0.3421771920166332,
    "strike_price": 3.8922294353094573,
    "option_type": 1.0,
    "iv_ret_fwd": 1.0049740122649542,
    "iv_ret_fwd_abs": 0.979987181537276,
    "delta": 0.44713598212296757,
    "gamma": 0.070670059402546,
    "vega": 1.493470255182731,
    "option_type_enc": 0.48048391938209534,
    "rv_30m": 0.08290636033106993,
    "opt_vol_change_1m": 14.089958031047285,
    "opt_vol_roll_15m": 4.763031165140265,
    "sabr_alpha": 1.336985073748619,
    "sabr_beta": 1.0,
    "sabr_rho": 0.5001739370908842,
    "sabr_nu": 2.724114533214772
  }
}