{
  "columns": [
    "expiry_date",
    "iv",
    "opt_volume",
    "stock_volume",
    "time_to_expiry",
    "strike_price",
    "option_type",
    "iv_ret_fwd",
    "iv_ret_fwd_abs",
    "delta",
    "gamma",
    "vega",
    "option_type_enc",
    "rv_30m",
    "opt_vol_change_1m",
    "opt_vol_roll_15m",
    "sabr_alpha",
    "sabr_beta",
    "sabr_rho",
    "sabr_nu"
  ],
  "means": {
    "expiry_date": 1.7600287325998116e+18,
    "iv": 1.0816411521449272,
    "opt_volume": 5.934611757309022,
    "stock_volume": 8500.906318767684,
    "time_to_expiry": 0.17933192263137723,
    "strike_price": 16.728858849418422,
    "option_type": NaN,
    "iv_ret_fwd": 0.00019447880386482463,
    "iv_ret_fwd_abs": 0.2227080964645221,
    "delta": 0.17661914666869502,
    "gamma": 0.10494630233782508,
    "vega": 1.7662892195746258,
    "option_type_enc": 0.6384784579277039,
    "rv_30m": 0.06808733825046083,
    "opt_vol_change_1m": 2.532437535084973,
    "opt_vol_roll_15m": 5.945588544956833,
    "sabr_alpha": 2.593714654694172,
    "sabr_beta": 0.5,
    "sabr_rho": 0.07593702747400093,
    "sabr_nu": 9.168912251471383
  },
  "stds": {
    "expiry_date": 1.0792662773942046e+16,
    "iv": 0.17362263690899393,
    "opt_volume": 18.19109256804951,
    "stock_volume": 11471.75896373519,
    "time_to_expiry": 0.3422177199911934,
    "strike_price": 3.8927803986298843,
    "option_type": 1.0,
    "iv_ret_fwd": 1.0051303125274196,
    "iv_ret_fwd_abs": 0.9801390154602236,
    "delta": 0.44717501185480873,
    "gamma": 0.07061951896276497,
    "vega": 1.4935595814783307,
    "option_type_enc": 0.4805167019367218,
    "rv_30m": 0.08291840368374416,
    "opt_vol_change_1m": 14.092149236405804,
    "opt_vol_roll_15m": 4.7633017302084575,
    "sabr_alpha": 1.3370455954980556,
    "sabr_beta": 1.0,
    "sabr_rho": 0.5002524419586754,
    "sabr_nu": 2.7243627710598703
  }
}