{
  "RMSE": 2.0733435036915666,
  "R2": 0.17776212745149778,
  "n_train": 390796,
  "n_test": 97699,
  "n_features": 15
}